Disease Name,Link,Sample Size,Ref Allele,Alt Allele
Lissencephaly due to LIS1 mutation,https://www.ncbi.nlm.nih.gov/snp/rs2151663957#clinical_significance,None,None,None
Catecholaminergic polymorphic ventricular tachycardia,https://www.ncbi.nlm.nih.gov/snp/rs2149388042#clinical_significance,None,None,None
Hereditary spastic paraplegia 4,https://www.ncbi.nlm.nih.gov/snp/rs2148759388#clinical_significance,None,None,None
"not provided, Fumarase deficiency, ",https://www.ncbi.nlm.nih.gov/snp/rs2147911550#clinical_significance,None,None,None
FG syndrome 1,https://www.ncbi.nlm.nih.gov/snp/rs2147808505#clinical_significance,None,None,None
"Cerebellar ataxia,Demyelinating peripheral neuropathy",https://www.ncbi.nlm.nih.gov/snp/rs2147404569#clinical_significance,None,None,None
Systemic lupus erythematosus 17,https://www.ncbi.nlm.nih.gov/snp/rs2147245558#clinical_significance,None,None,None
"Angelman syndrome-like,Developmental and epileptic encephalopathy, 2",https://www.ncbi.nlm.nih.gov/snp/rs2147156094#clinical_significance,None,None,None
Griscelli syndrome type 2,https://www.ncbi.nlm.nih.gov/snp/rs2140958637#clinical_significance,None,None,None
Hereditary sclerosing poikiloderma with tendon and pulmonary involvement,https://www.ncbi.nlm.nih.gov/snp/rs2135404867#clinical_significance,None,None,None
not provided,https://www.ncbi.nlm.nih.gov/snp/rs2131863747#clinical_significance,None,None,None
Early-onset generalized limb-onset dystonia,https://www.ncbi.nlm.nih.gov/snp/rs2131001171#clinical_significance,None,None,None
Non-ketotic hyperglycinemia,https://www.ncbi.nlm.nih.gov/snp/rs2129831435#clinical_significance,None,None,None
Autosomal recessive nonsyndromic hearing loss 4,https://www.ncbi.nlm.nih.gov/snp/rs2129311722#clinical_significance,None,None,None
Hereditary factor VIII deficiency disease,https://www.ncbi.nlm.nih.gov/snp/rs2124131338#clinical_significance,None,None,None
Distal renal tubular acidosis,https://www.ncbi.nlm.nih.gov/snp/rs2117166533#clinical_significance,None,None,None
Spinocerebellar ataxia type 25,https://www.ncbi.nlm.nih.gov/snp/rs2104026165#clinical_significance,None,None,None
"Mucopolysaccharidosis, MPS-II",https://www.ncbi.nlm.nih.gov/snp/rs2089495673#clinical_significance,None,None,None
Infantile neuroaxonal dystrophy,https://www.ncbi.nlm.nih.gov/snp/rs2087135251#clinical_significance,10680,T=1.00000,C=0.00000
"Pitt-Hopkins syndrome, Inborn genetic diseases, ",https://www.ncbi.nlm.nih.gov/snp/rs2047119736#clinical_significance,None,None,None
"Retinal dystrophy, Leber congenital amaurosis 13, ",https://www.ncbi.nlm.nih.gov/snp/rs2038196341#clinical_significance,None,None,None
not provided,https://www.ncbi.nlm.nih.gov/snp/rs1935184925#clinical_significance,None,None,None
"Congenital disorder of glycosylation, type IIr",https://www.ncbi.nlm.nih.gov/snp/rs1926621737#clinical_significance,None,None,None
"Developmental and epileptic encephalopathy, 2, Angelman syndrome-like,Developmental and epileptic encephalopathy, 2, ",https://www.ncbi.nlm.nih.gov/snp/rs1922605766#clinical_significance,None,None,None
"Epilepsy, childhood absence, susceptibility to, 1,Epilepsy, childhood absence, susceptibility to, 5, Developmental and epileptic encephalopathy, 43, ",https://www.ncbi.nlm.nih.gov/snp/rs1889966043#clinical_significance,None,None,None
Aortic valve disease 2,https://www.ncbi.nlm.nih.gov/snp/rs1871568678#clinical_significance,None,None,None
beta Thalassemia,https://www.ncbi.nlm.nih.gov/snp/rs1847518799#clinical_significance,None,None,None
Monosomy 7 myelodysplasia and leukemia syndrome 2,https://www.ncbi.nlm.nih.gov/snp/rs1791586314#clinical_significance,None,None,None
"Saethre-Chotzen syndrome,TWIST1-related craniosynostosis",https://www.ncbi.nlm.nih.gov/snp/rs1788580326#clinical_significance,None,None,None
"Klippel-Tr√©naunay syndrome, CLOVES syndrome, ",https://www.ncbi.nlm.nih.gov/snp/rs1724507777#clinical_significance,None,None,None
Pierpont syndrome,https://www.ncbi.nlm.nih.gov/snp/rs1717116134#clinical_significance,None,None,None
"Intellectual disability, autosomal recessive 42",https://www.ncbi.nlm.nih.gov/snp/rs1701868598#clinical_significance,10680,T=1.00000,C=0.00000
Early infantile epileptic encephalopathy with suppression bursts,https://www.ncbi.nlm.nih.gov/snp/rs1698198046#clinical_significance,None,None,None
"Neurodevelopmental disorder with hypotonia, seizures, and absent language",https://www.ncbi.nlm.nih.gov/snp/rs1688479620#clinical_significance,None,None,None
NEUROFACIOSKELETAL SYNDROME WITHOUT RENAL AGENESIS,https://www.ncbi.nlm.nih.gov/snp/rs1651972168#clinical_significance,None,None,None
"Microphthalmia, syndromic 1, not provided, ",https://www.ncbi.nlm.nih.gov/snp/rs1603289774#clinical_significance,None,None,None
not specified,https://www.ncbi.nlm.nih.gov/snp/rs1603267171#clinical_significance,None,None,None
Growth delay due to insulin-like growth factor I resistance,https://www.ncbi.nlm.nih.gov/snp/rs1596214576#clinical_significance,None,None,None
Intellectual disability,https://www.ncbi.nlm.nih.gov/snp/rs1591612223#clinical_significance,None,None,None
"Hereditary angioedema type 1, not provided, ",https://www.ncbi.nlm.nih.gov/snp/rs1590826703#clinical_significance,None,None,None
"Lysosomal acid lipase deficiency, Wolman disease, ",https://www.ncbi.nlm.nih.gov/snp/rs1589558414#clinical_significance,None,None,None
Non-ketotic hyperglycinemia,https://www.ncbi.nlm.nih.gov/snp/rs1587922096#clinical_significance,None,None,None
"Capillary malformation-arteriovenous malformation 2, not provided, ",https://www.ncbi.nlm.nih.gov/snp/rs1584654433#clinical_significance,None,None,None
"Autosomal dominant nonsyndromic hearing loss,Bilateral sensorineural hearing impairment, Hearing loss, autosomal dominant 76, ",https://www.ncbi.nlm.nih.gov/snp/rs1577876794#clinical_significance,None,None,None
Hepatoencephalopathy due to combined oxidative phosphorylation defect type 1,https://www.ncbi.nlm.nih.gov/snp/rs1576757241#clinical_significance,None,None,None
Aicardi-Goutieres syndrome 7,https://www.ncbi.nlm.nih.gov/snp/rs1576222803#clinical_significance,None,None,None
Cataract-growth hormone deficiency-sensory neuropathy-sensorineural hearing loss-skeletal dysplasia syndrome,https://www.ncbi.nlm.nih.gov/snp/rs1571845061#clinical_significance,None,None,None
Zimmermann-laband syndrome 3,https://www.ncbi.nlm.nih.gov/snp/rs1571353663#clinical_significance,None,None,None
SLC35A2-CDG,https://www.ncbi.nlm.nih.gov/snp/rs1569511572#clinical_significance,None,None,None
"Spinal muscular atrophy, lower extremity-predominant, 2b, prenatal onset, autosomal dominant",https://www.ncbi.nlm.nih.gov/snp/rs1564061982#clinical_significance,None,None,None
Cystic fibrosis,https://www.ncbi.nlm.nih.gov/snp/rs1562895128#clinical_significance,None,None,None
Familial X-linked hypophosphatemic vitamin D refractory rickets,https://www.ncbi.nlm.nih.gov/snp/rs1556014287#clinical_significance,None,None,None
not provided,https://www.ncbi.nlm.nih.gov/snp/rs1555985175#clinical_significance,None,None,None
"Developmental and epileptic encephalopathy, 7, Early infantile epileptic encephalopathy with suppression bursts, ",https://www.ncbi.nlm.nih.gov/snp/rs1555853593#clinical_significance,None,None,None
"Developmental and epileptic encephalopathy, 17",https://www.ncbi.nlm.nih.gov/snp/rs1555508316#clinical_significance,None,None,None
"not provided, Inborn genetic diseases, Charcot-Marie-Tooth disease axonal type 2O,Intellectual disability, autosomal dominant 13,Spinal muscular atrophy with lower extremity predominance, ",https://www.ncbi.nlm.nih.gov/snp/rs1555408829#clinical_significance,None,None,None
"Intellectual disability,Macrocephaly, Macrocephaly, acquired, with impaired intellectual development, Marfanoid habitus and intellectual disability, ",https://www.ncbi.nlm.nih.gov/snp/rs1554709662#clinical_significance,None,None,None
"Intellectual disability, autosomal dominant 54, Intellectual disability, Inborn genetic diseases, ",https://www.ncbi.nlm.nih.gov/snp/rs1554385111#clinical_significance,None,None,None
Malignant tumor of prostate,https://www.ncbi.nlm.nih.gov/snp/rs1554059573#clinical_significance,None,None,None
Malignant tumor of prostate,https://www.ncbi.nlm.nih.gov/snp/rs1554059550#clinical_significance,None,None,None
"Cerebral calcification,Cirrhosis of liver,Interstitial pneumonitis,Vascular dilatation",https://www.ncbi.nlm.nih.gov/snp/rs1553554543#clinical_significance,None,None,None
"Hereditary pheochromocytoma-paraganglioma, Gastrointestinal stromal tumor,Paragangliomas 4,Pheochromocytoma, ",https://www.ncbi.nlm.nih.gov/snp/rs1553178757#clinical_significance,None,None,None
"Microcephaly 14, primary, autosomal recessive",https://www.ncbi.nlm.nih.gov/snp/rs1406541512#clinical_significance,14050,T=1.00000,C=0.00000
Mitochondrial DNA depletion syndrome 18,https://www.ncbi.nlm.nih.gov/snp/rs1389068504#clinical_significance,Study-wide,251418,T=0.999996
Pigmentary pallidal degeneration,https://www.ncbi.nlm.nih.gov/snp/rs1360807330#clinical_significance,35432,T=0.99994,C=0.00006
HYAL2 deficiency,https://www.ncbi.nlm.nih.gov/snp/rs1321268291#clinical_significance,14050,T=1.00000,C=0.00000
Adermatoglyphia,https://www.ncbi.nlm.nih.gov/snp/rs1306010332#clinical_significance,10680,T=1.00000,C=0.00000
Khan-Khan-Katsanis syndrome,https://www.ncbi.nlm.nih.gov/snp/rs1299537743#clinical_significance,14050,T=1.00000,C=0.00000
"Hereditary spastic paraplegia 30, Hereditary spastic paraplegia 30,Intellectual disability, autosomal dominant 9,Neuropathy, hereditary sensory, type 2C, ",https://www.ncbi.nlm.nih.gov/snp/rs1250934752#clinical_significance,18520,T=0.99995,C=0.00005
Bilateral sensorineural hearing impairment,https://www.ncbi.nlm.nih.gov/snp/rs1213152015#clinical_significance,Study-wide,250956,T=0.999996
"not provided, Spastic paraplegia 85, autosomal recessive, Spastic paraplegia, ",https://www.ncbi.nlm.nih.gov/snp/rs1159600703#clinical_significance,30370,T=0.99997,"C=0.00000, G=0.00003"
Renal carnitine transport defect,https://www.ncbi.nlm.nih.gov/snp/rs1157198543#clinical_significance,10680,T=1.00000,C=0.00000
Insulin-resistant diabetes mellitus AND acanthosis nigricans,https://www.ncbi.nlm.nih.gov/snp/rs1135401742#clinical_significance,None,None,None
Mitochondrial disease,https://www.ncbi.nlm.nih.gov/snp/rs1131692061#clinical_significance,None,None,None
"not provided, Neuropathy, hereditary sensory and autonomic, type 1C, ",https://www.ncbi.nlm.nih.gov/snp/rs1131691917#clinical_significance,None,None,None
Developmental cataract,https://www.ncbi.nlm.nih.gov/snp/rs1114167313#clinical_significance,None,None,None
"Pulmonary hypertension, primary, 1, Pulmonary arterial hypertension, ",https://www.ncbi.nlm.nih.gov/snp/rs1085307312#clinical_significance,None,None,None
"Pulmonary hypertension, primary, 1",https://www.ncbi.nlm.nih.gov/snp/rs1085307231#clinical_significance,None,None,None
Cataract 33,https://www.ncbi.nlm.nih.gov/snp/rs1085307127#clinical_significance,None,None,None
not provided,https://www.ncbi.nlm.nih.gov/snp/rs1064796429#clinical_significance,None,None,None
"not provided, Corpus callosum agenesis-abnormal genitalia syndrome, ",https://www.ncbi.nlm.nih.gov/snp/rs1064794843#clinical_significance,None,None,None
"not provided, Retinal dystrophy, Age related macular degeneration 2, Severe early-childhood-onset retinal dystrophy, ",https://www.ncbi.nlm.nih.gov/snp/rs1064793014#clinical_significance,10680,T=1.00000,C=0.00000
"Ectodermal dysplasia 13, hair/tooth type",https://www.ncbi.nlm.nih.gov/snp/rs1057524917#clinical_significance,None,None,None
"Hypotonia, ataxia, and delayed development syndrome, Inborn genetic diseases, ",https://www.ncbi.nlm.nih.gov/snp/rs1057519518#clinical_significance,None,None,None
Intellectual developmental disorder with dysmorphic facies and ptosis,https://www.ncbi.nlm.nih.gov/snp/rs1057519515#clinical_significance,None,None,None
"Autosomal recessive ataxia due to ubiquinone deficiency, not provided, ",https://www.ncbi.nlm.nih.gov/snp/rs1057519343#clinical_significance,14050,T=1.00000,C=0.00000
"not provided, Epilepsy, childhood absence, susceptibility to, 1,Epilepsy, childhood absence, susceptibility to, 5, ",https://www.ncbi.nlm.nih.gov/snp/rs1057519201#clinical_significance,None,None,None
not provided,https://www.ncbi.nlm.nih.gov/snp/rs1057517951#clinical_significance,None,None,None
PMM2-CDG,https://www.ncbi.nlm.nih.gov/snp/rs1057517110#clinical_significance,None,None,None
"Optic neuropathy, Leigh syndrome, Mitochondrial disease, ",https://www.ncbi.nlm.nih.gov/snp/rs1057516063#clinical_significance,8984,T=0.9998,C=0.0002
"Mucopolysaccharidosis, MPS-III-C",https://www.ncbi.nlm.nih.gov/snp/rs1042066401#clinical_significance,14050,T=1.00000,C=0.00000
"Autosomal recessive ataxia due to ubiquinone deficiency, not provided, ",https://www.ncbi.nlm.nih.gov/snp/rs1057519343#clinical_significance,14050,T=1.00000,C=0.00000
Junctional epidermolysis bullosa with pyloric atresia,https://www.ncbi.nlm.nih.gov/snp/rs902551587#clinical_significance,None,None,None
not provided,https://www.ncbi.nlm.nih.gov/snp/rs886041732#clinical_significance,None,None,None
Glucocorticoid deficiency 4,https://www.ncbi.nlm.nih.gov/snp/rs886039786#clinical_significance,None,None,None
"Growth retardation, intellectual developmental disorder, hypotonia, and hepatopathy",https://www.ncbi.nlm.nih.gov/snp/rs886037877#clinical_significance,None,None,None
"Developmental and epileptic encephalopathy, 13",https://www.ncbi.nlm.nih.gov/snp/rs879255693#clinical_significance,None,None,None
Hyperphosphatasia with intellectual disability syndrome 3,https://www.ncbi.nlm.nih.gov/snp/rs879255233#clinical_significance,None,None,None
Childhood apraxia of speech,https://www.ncbi.nlm.nih.gov/snp/rs879253772#clinical_significance,None,None,None
Patterned macular dystrophy 2,https://www.ncbi.nlm.nih.gov/snp/rs869320696#clinical_significance,None,None,None
Methylmalonic aciduria due to methylmalonyl-CoA mutase deficiency,https://www.ncbi.nlm.nih.gov/snp/rs869320653#clinical_significance,None,None,None
"EEG with generalized epileptiform discharges,Feeding difficulties,Global developmental delay,Growth delay,Hypotonia,Infantile muscular hypotonia,Seizure,Strabismus, Intellectual disability, autosomal dominant 42, not provided, Hypotonia,Neurodevelopmental Disability,Seizure, GNB1-Related Disorder, Inborn genetic diseases, ",https://www.ncbi.nlm.nih.gov/snp/rs869312823#clinical_significance,None,None,None
Palatal anomalies-widely spaced teeth-facial dysmorphism-developmental delay syndrome,https://www.ncbi.nlm.nih.gov/snp/rs864309714#clinical_significance,None,None,None
Vanishing white matter disease,https://www.ncbi.nlm.nih.gov/snp/rs863225050#clinical_significance,None,None,None
Acromesomelic dysplasia 3,https://www.ncbi.nlm.nih.gov/snp/rs863225041#clinical_significance,None,None,None
"Abnormal cortical gyration, Lissencephaly type 1 due to doublecortin gene mutation, ",https://www.ncbi.nlm.nih.gov/snp/rs797045512#clinical_significance,None,None,None
Congenital anomalies of kidney and urinary tract 2,https://www.ncbi.nlm.nih.gov/snp/rs797045022#clinical_significance,10680,T=1.00000,C=0.00000
"not provided, Fabry disease, ",https://www.ncbi.nlm.nih.gov/snp/rs797044748#clinical_significance,None,None,None
"not provided, Developmental and epileptic encephalopathy, 11,Seizures, benign familial infantile, 3, Early infantile epileptic encephalopathy with suppression bursts, ",https://www.ncbi.nlm.nih.gov/snp/rs796053118#clinical_significance,None,None,None
not provided,https://www.ncbi.nlm.nih.gov/snp/rs796052891#clinical_significance,None,None,None
"Basal ganglia calcification, idiopathic, 6",https://www.ncbi.nlm.nih.gov/snp/rs786205904#clinical_significance,None,None,None
"Protoporphyria, erythropoietic, 1",https://www.ncbi.nlm.nih.gov/snp/rs786205247#clinical_significance,None,None,None
Neonatal encephalomyopathy-cardiomyopathy-respiratory distress syndrome,https://www.ncbi.nlm.nih.gov/snp/rs786204770#clinical_significance,10680,T=1.00000,C=0.00000
Homocystinuria due to methylene tetrahydrofolate reductase deficiency,https://www.ncbi.nlm.nih.gov/snp/rs786204024#clinical_significance,None,None,None
IFAP syndrome with or without BRESHECK syndrome,https://www.ncbi.nlm.nih.gov/snp/rs781767722#clinical_significance,Study-wide,251232,T=0.999996
PMM2-CDG,https://www.ncbi.nlm.nih.gov/snp/rs780581250#clinical_significance,478,T=1.000,C=0.000
"Joubert syndrome 1, Retinal dystrophy, Joubert syndrome,Meckel-Gruber syndrome,Nephronophthisis, ",https://www.ncbi.nlm.nih.gov/snp/rs779010679#clinical_significance,Study-wide,238436,T=0.999996
Leber congenital amaurosis 9,https://www.ncbi.nlm.nih.gov/snp/rs778606847#clinical_significance,35910,T=0.99994,C=0.00006
Autosomal recessive retinitis pigmentosa,https://www.ncbi.nlm.nih.gov/snp/rs777377174#clinical_significance,14528,T=0.99986,C=0.00014
"Methylmalonic aciduria due to methylmalonyl-CoA mutase deficiency, not provided, Methylmalonic aciduria due to complete methylmalonyl-CoA mutase deficiency, ",https://www.ncbi.nlm.nih.gov/snp/rs777031588#clinical_significance,29572,T=0.99997,C=0.00003
Propionic acidemia,https://www.ncbi.nlm.nih.gov/snp/rs774949844#clinical_significance,14050,T=1.00000,C=0.00000
"Batten-Turner congenital myopathy, not provided, Congenital myotonia, autosomal dominant form,Congenital myotonia, autosomal recessive form, ",https://www.ncbi.nlm.nih.gov/snp/rs774843953#clinical_significance,51794,T=0.99990,C=0.00010
Gaucher disease,https://www.ncbi.nlm.nih.gov/snp/rs773409311#clinical_significance,11158,T=1.00000,C=0.00000
Hyperekplexia 3,https://www.ncbi.nlm.nih.gov/snp/rs772652517#clinical_significance,30412,T=0.99993,C=0.00007
Sandhoff disease,https://www.ncbi.nlm.nih.gov/snp/rs771103635#clinical_significance,14050,T=1.00000,C=0.00000
not provided,https://www.ncbi.nlm.nih.gov/snp/rs768521956#clinical_significance,478,T=1.000,C=0.000
Dystonia 25,https://www.ncbi.nlm.nih.gov/snp/rs766177601#clinical_significance,21860,T=0.99995,C=0.00005
Sideroblastic anemia 3,https://www.ncbi.nlm.nih.gov/snp/rs765487627#clinical_significance,Study-wide,251326,T=0.999988
"Cone-rod dystrophy and hearing loss 1, not provided, ",https://www.ncbi.nlm.nih.gov/snp/rs761661253#clinical_significance,51794,T=0.99990,C=0.00010
Mitochondrial DNA deletion syndrome with progressive myopathy,https://www.ncbi.nlm.nih.gov/snp/rs760412883#clinical_significance,32540,T=0.99997,C=0.00003
not provided,https://www.ncbi.nlm.nih.gov/snp/rs760180709#clinical_significance,30888,T=0.99994,C=0.00006
"Malignant hyperthermia of anesthesia, not provided, ",https://www.ncbi.nlm.nih.gov/snp/rs759500310#clinical_significance,14528,T=1.00000,C=0.00000
Hypomyelinating leukodystrophy 8 with or without oligodontia and-or hypogonadotropic hypogonadism,https://www.ncbi.nlm.nih.gov/snp/rs758867273#clinical_significance,Study-wide,250798,T=0.999996
"Neuronal ceroid lipofuscinosis 2, not provided, ",https://www.ncbi.nlm.nih.gov/snp/rs755445790#clinical_significance,14050,T=1.00000,C=0.00000
Phenylketonuria,https://www.ncbi.nlm.nih.gov/snp/rs752255985#clinical_significance,35910,T=0.99997,C=0.00003
"Pigmented paravenous retinochoroidal atrophy, Leber congenital amaurosis 8,Retinitis pigmentosa 12, ",https://www.ncbi.nlm.nih.gov/snp/rs751303205#clinical_significance,478,T=1.000,C=0.000
"Mitochondrial DNA depletion syndrome 3, not provided, See cases, ",https://www.ncbi.nlm.nih.gov/snp/rs749464475#clinical_significance,104024,T=0.999981,C=0.000019
"not specified, Dilated cardiomyopathy 1Z,Hypertrophic cardiomyopathy 13, Hypertrophic cardiomyopathy, Cardiomyopathy, Hypertrophic cardiomyopathy 13, ",https://www.ncbi.nlm.nih.gov/snp/rs730881061#clinical_significance,14050,T=1.00000,C=0.00000
"not provided, Cardiovascular phenotype, Hypertrophic cardiomyopathy, ",https://www.ncbi.nlm.nih.gov/snp/rs730880864#clinical_significance,None,None,None
"Primary dilated cardiomyopathy, not provided, ",https://www.ncbi.nlm.nih.gov/snp/rs730880132#clinical_significance,None,None,None
Temple-Baraitser syndrome,https://www.ncbi.nlm.nih.gov/snp/rs727502821#clinical_significance,None,None,None
Congenital sideroblastic anemia-B-cell immunodeficiency-periodic fever-developmental delay syndrome,https://www.ncbi.nlm.nih.gov/snp/rs606231289#clinical_significance,Study-wide,237342,T=0.999996
Heterotopia,https://www.ncbi.nlm.nih.gov/snp/rs587783560#clinical_significance,None,None,None
Heterotopia,https://www.ncbi.nlm.nih.gov/snp/rs587783557#clinical_significance,None,None,None
"Cytochrome-c oxidase deficiency disease, Mitochondrial complex 4 deficiency, nuclear type 17, ",https://www.ncbi.nlm.nih.gov/snp/rs587777786#clinical_significance,Study-wide,250916,T=0.999992
Mendelian susceptibility to mycobacterial diseases due to partial STAT1 deficiency,https://www.ncbi.nlm.nih.gov/snp/rs587777704#clinical_significance,None,None,None
Immunodeficiency 23,https://www.ncbi.nlm.nih.gov/snp/rs587777565#clinical_significance,None,None,None
"Olmsted syndrome, X-linked",https://www.ncbi.nlm.nih.gov/snp/rs587777306#clinical_significance,660,T=1.000,C=0.000
Ataxia-hypogonadism-choroidal dystrophy syndrome,https://www.ncbi.nlm.nih.gov/snp/rs587777183#clinical_significance,660,T=1.000,C=0.000
Autosomal recessive nonsyndromic hearing loss 88,https://www.ncbi.nlm.nih.gov/snp/rs587777040#clinical_significance,658,T=1.000,C=0.000
Tyrosinemia type II,https://www.ncbi.nlm.nih.gov/snp/rs587776512#clinical_significance,478,T=1.000,C=0.000
"Skeletal dysplasia, Metatropic dysplasia, Charcot-Marie-Tooth disease axonal type 2C, ",https://www.ncbi.nlm.nih.gov/snp/rs515726153#clinical_significance,None,None,None
Chronic progressive multiple sclerosis,https://www.ncbi.nlm.nih.gov/snp/rs483353031#clinical_significance,None,None,None
"Porokeratosis 3, disseminated superficial actinic type",https://www.ncbi.nlm.nih.gov/snp/rs398122911#clinical_significance,654,T=1.000,C=0.000
"Neuronopathy, distal hereditary motor, type 2D, Distal hereditary motor neuropathy type 2, ",https://www.ncbi.nlm.nih.gov/snp/rs398122838#clinical_significance,660,T=1.000,C=0.000
"not specified, Retinitis pigmentosa, Retinitis pigmentosa 39,Usher syndrome type 2A, Retinal dystrophy, not provided, Usher syndrome, Usher syndrome type 2A, ",https://www.ncbi.nlm.nih.gov/snp/rs397517984#clinical_significance,Study-wide,251114,T=0.999972
"Noonan syndrome, not provided, RASopathy, Inborn genetic diseases, not specified, Neonatal hypotonia, Noonan syndrome 4, ",https://www.ncbi.nlm.nih.gov/snp/rs397517172#clinical_significance,None,None,None
"Leber optic atrophy, Leigh syndrome, ",https://www.ncbi.nlm.nih.gov/snp/rs397515505#clinical_significance,8988,T=0.9982,C=0.0018
"Developmental and epileptic encephalopathy, 16, Autosomal dominant nonsyndromic hearing loss 65,Caused by mutation in the TBC1 domain family, member 24,Developmental and epileptic encephalopathy, 1, not provided, ",https://www.ncbi.nlm.nih.gov/snp/rs397514713#clinical_significance,660,T=1.000,C=0.000
Combined oxidative phosphorylation defect type 13,https://www.ncbi.nlm.nih.gov/snp/rs397514598#clinical_significance,478,T=1.000,C=0.000
Leukoencephalopathy-thalamus and brainstem anomalies-high lactate syndrome,https://www.ncbi.nlm.nih.gov/snp/rs397514595#clinical_significance,11158,T=1.00000,C=0.00000
"Muscular dystrophy-dystroglycanopathy (congenital with brain and eye anomalies), type A13, not provided, ",https://www.ncbi.nlm.nih.gov/snp/rs397509397#clinical_significance,478,T=1.000,C=0.000
"Cystic fibrosis, CFTR-related disorders, ",https://www.ncbi.nlm.nih.gov/snp/rs397508736#clinical_significance,10680,T=1.00000,C=0.00000
"Cardiofaciocutaneous syndrome 2, not provided, ",https://www.ncbi.nlm.nih.gov/snp/rs387907206#clinical_significance,478,T=1.000,C=0.000
ALG11-CDG,https://www.ncbi.nlm.nih.gov/snp/rs387907182#clinical_significance,22006,T=0.99995,C=0.00005
Torsion dystonia 6,https://www.ncbi.nlm.nih.gov/snp/rs387907176#clinical_significance,478,T=1.000,C=0.000
UV-sensitive syndrome 3,https://www.ncbi.nlm.nih.gov/snp/rs387907164#clinical_significance,11340,T=1.00000,C=0.00000
"Charcot-Marie-Tooth disease, axonal, autosomal recessive, type 2a2b;, not provided, Charcot-Marie-Tooth disease type 2, ",https://www.ncbi.nlm.nih.gov/snp/rs387906990#clinical_significance,14526,T=0.99993,C=0.00007
"Cranioectodermal dysplasia 4, Senior-Loken syndrome 8, Asphyxiating thoracic dystrophy 5, Asphyxiating thoracic dystrophy 5,Senior-Loken syndrome 8, not provided, Connective tissue disorder, ",https://www.ncbi.nlm.nih.gov/snp/rs387906980#clinical_significance,36092,T=0.99994,C=0.00006
Preeclampsia/eclampsia 5,https://www.ncbi.nlm.nih.gov/snp/rs387906894#clinical_significance,478,T=1.000,C=0.000
Axenfeld-Rieger syndrome type 1,https://www.ncbi.nlm.nih.gov/snp/rs387906810#clinical_significance,None,None,None
Agnathia-otocephaly complex,https://www.ncbi.nlm.nih.gov/snp/rs387906667#clinical_significance,660,T=1.000,C=0.000
"Meckel syndrome, type 3, Meckel-Gruber syndrome, Joubert syndrome 6, Bardet-Biedl syndrome,Bardet-Biedl syndrome 14,COACH syndrome 1,Joubert syndrome 6,Meckel syndrome, type 3,Nephronophthisis 11, Joubert syndrome,Meckel-Gruber syndrome, TMEM67-Related Disorders, not provided, ",https://www.ncbi.nlm.nih.gov/snp/rs386834180#clinical_significance,52200,T=0.99992,C=0.00008
Harderoporphyria,https://www.ncbi.nlm.nih.gov/snp/rs370245685#clinical_significance,134492,T=0.999918,C=0.000082
Childhood epilepsy with centrotemporal spikes,https://www.ncbi.nlm.nih.gov/snp/rs369993428#clinical_significance,35432,T=0.99997,C=0.00003
"not provided, Retinitis pigmentosa, ",https://www.ncbi.nlm.nih.gov/snp/rs369919266#clinical_significance,Study-wide,13006,T=0.99992
"not provided, 3-Oxo-5 alpha-steroid delta 4-dehydrogenase deficiency, ",https://www.ncbi.nlm.nih.gov/snp/rs368386747#clinical_significance,60782,T=0.99992,C=0.00008
"not provided, Hereditary factor XI deficiency disease, ",https://www.ncbi.nlm.nih.gov/snp/rs281875255#clinical_significance,21382,T=0.99995,C=0.00005
not provided,https://www.ncbi.nlm.nih.gov/snp/rs281865265#clinical_significance,None,None,None
"Charcot-Marie-Tooth disease type 1B, not provided, Charcot-Marie-Tooth disease, type I, ",https://www.ncbi.nlm.nih.gov/snp/rs281865127#clinical_significance,476,T=1.000,C=0.000
Mucolipidosis type II,https://www.ncbi.nlm.nih.gov/snp/rs281865003#clinical_significance,478,T=1.000,C=0.000
"Lynch syndrome, Lynch syndrome 1, ",https://www.ncbi.nlm.nih.gov/snp/rs267608018#clinical_significance,None,None,None
"Primary dilated cardiomyopathy, not provided, Cardiovascular phenotype, ",https://www.ncbi.nlm.nih.gov/snp/rs267607593#clinical_significance,660,T=1.000,C=0.000
"not provided, von Willebrand disease type 1, ",https://www.ncbi.nlm.nih.gov/snp/rs267607355#clinical_significance,None,None,None
Pseudo-TORCH syndrome 1,https://www.ncbi.nlm.nih.gov/snp/rs267606926#clinical_significance,478,T=1.000,C=0.000
ALG11-CDG,https://www.ncbi.nlm.nih.gov/snp/rs267606652#clinical_significance,660,T=1.000,C=0.000
"Aminoglycoside-induced deafness, Mitochondrial non-syndromic sensorineural hearing loss, Auditory neuropathy, not specified, gentamicin response - Toxicity, aminoglycoside antibacterials response - Toxicity, kanamycin response - Toxicity, streptomycin response - Toxicity, ",https://www.ncbi.nlm.nih.gov/snp/rs267606618#clinical_significance,Study-wide,14129,T=0.99809
"Seckel syndrome 5, not specified, not provided, ",https://www.ncbi.nlm.nih.gov/snp/rs200879436#clinical_significance,216032,T=0.999199,C=0.000801
"Childhood epilepsy with centrotemporal spikes, Febrile seizures, familial, 11, Intellectual disability, ",https://www.ncbi.nlm.nih.gov/snp/rs199576384#clinical_significance,36776,T=0.99989,C=0.00011
"not provided, Phenylketonuria, ",https://www.ncbi.nlm.nih.gov/snp/rs199475651#clinical_significance,None,None,None
"Mitochondrial non-syndromic sensorineural hearing loss, Juvenile myopathy, encephalopathy, lactic acidosis AND stroke, Cytochrome-c oxidase deficiency disease, ",https://www.ncbi.nlm.nih.gov/snp/rs199474821#clinical_significance,Study-wide,14129,T=0.99979
Mitochondrial non-syndromic sensorineural hearing loss,https://www.ncbi.nlm.nih.gov/snp/rs199474820#clinical_significance,478,T=1.000,C=0.000
"MERRF/MELAS overlap syndrome, Mitochondrial cytochrome c oxidase deficiency, Juvenile myopathy, encephalopathy, lactic acidosis AND stroke, Cytochrome-c oxidase deficiency disease, ",https://www.ncbi.nlm.nih.gov/snp/rs199474817#clinical_significance,None,None,None
"Congenital myopathy with fiber type disproportion, not provided, ",https://www.ncbi.nlm.nih.gov/snp/rs199474715#clinical_significance,478,T=1.000,C=0.000
"Congenital long QT syndrome, not provided, ",https://www.ncbi.nlm.nih.gov/snp/rs199472956#clinical_significance,None,None,None
Pseudohypoaldosteronism type 2A,https://www.ncbi.nlm.nih.gov/snp/rs199469661#clinical_significance,None,None,None
"Dyskeratosis congenita, autosomal dominant 1",https://www.ncbi.nlm.nih.gov/snp/rs199422262#clinical_significance,None,None,None
"Noonan syndrome 3, RASopathy, not provided, Noonan syndrome, ",https://www.ncbi.nlm.nih.gov/snp/rs193929331#clinical_significance,478,T=1.000,C=0.000
"Cystic fibrosis, Inborn genetic diseases, not provided, ",https://www.ncbi.nlm.nih.gov/snp/rs193922504#clinical_significance,14050,T=1.00000,C=0.00000
"Maturity-onset diabetes of the young type 2, not provided, Monogenic diabetes, ",https://www.ncbi.nlm.nih.gov/snp/rs193922272#clinical_significance,660,T=1.000,C=0.000
"PMM2-CDG, not provided, See cases, ",https://www.ncbi.nlm.nih.gov/snp/rs190521996#clinical_significance,62828,T=0.99954,C=0.00046
"Primary hyperoxaluria, type I, not provided, ",https://www.ncbi.nlm.nih.gov/snp/rs180177197#clinical_significance,10680,T=1.00000,C=0.00000
"Mitochondrial DNA depletion syndrome 1, not provided, Mitochondrial neurogastrointestinal encephalomyopathy, ",https://www.ncbi.nlm.nih.gov/snp/rs149977726#clinical_significance,37276,T=1.00000,C=0.00000
"Neurodegeneration with brain iron accumulation 4, Adult-onset night blindness,Dystonic disorder,Mental deterioration,Peripheral visual field loss,Tremor, Hereditary spastic paraplegia 43,Neurodegeneration with brain iron accumulation 4, not provided, Hereditary spastic paraplegia 5A, Hereditary spastic paraplegia 43, not specified, Hereditary spastic paraplegia, ",https://www.ncbi.nlm.nih.gov/snp/rs146170087#clinical_significance,141924,T=0.998598,C=0.001402
"not provided, Laron-type isolated somatotropin defect, Disproportionate short-limb short stature,Genu varum,Mesomelic/rhizomelic limb shortening,Relative macrocephaly,Seizure,Short stature,Specific learning disability, Short stature due to partial GHR deficiency, ",https://www.ncbi.nlm.nih.gov/snp/rs143814221#clinical_significance,215966,T=0.999579,C=0.000421
"Microcephaly 13, primary, autosomal recessive, not provided, ",https://www.ncbi.nlm.nih.gov/snp/rs141488085#clinical_significance,208482,T=0.999755,C=0.000245
"Leber congenital amaurosis 8, Pigmented paravenous retinochoroidal atrophy, Retinitis pigmentosa, Leber congenital amaurosis 8,Retinitis pigmentosa 12, Leber congenital amaurosis, ",https://www.ncbi.nlm.nih.gov/snp/rs140494140#clinical_significance,193920,T=0.999969,C=0.000031
"Severe early-onset pulmonary alveolar proteinosis due to MARS deficiency, not provided, MARS-Related Disorder, Charcot-Marie-Tooth disease, ",https://www.ncbi.nlm.nih.gov/snp/rs140467171#clinical_significance,36090,T=0.99997,C=0.00003
"not provided, Autosomal recessive limb-girdle muscular dystrophy type 2L,Gnathodiaphyseal dysplasia, Abnormality of the musculature, ",https://www.ncbi.nlm.nih.gov/snp/rs137854526#clinical_significance,192772,T=0.999824,C=0.000176
Farber lipogranulomatosis,https://www.ncbi.nlm.nih.gov/snp/rs137853596#clinical_significance,None,None,None
Hemolytic anemia due to hexokinase deficiency,https://www.ncbi.nlm.nih.gov/snp/rs137853249#clinical_significance,660,T=1.000,C=0.000
Biotin-responsive basal ganglia disease,https://www.ncbi.nlm.nih.gov/snp/rs137852957#clinical_significance,476,T=1.000,C=0.000
"Dilated cardiomyopathy 1M, Dilated cardiomyopathy 1M,Hypertrophic cardiomyopathy 12, Cardiovascular phenotype, not provided, Hypertrophic cardiomyopathy, ",https://www.ncbi.nlm.nih.gov/snp/rs137852764#clinical_significance,21010,T=1.00000,C=0.00000
"Atrioventricular septal defect, somatic",https://www.ncbi.nlm.nih.gov/snp/rs137852686#clinical_significance,None,None,None
Hypogonadotropic hypogonadism 6 with or without anosmia,https://www.ncbi.nlm.nih.gov/snp/rs137852662#clinical_significance,478,T=1.000,C=0.000
Hereditary factor VIII deficiency disease,https://www.ncbi.nlm.nih.gov/snp/rs137852369#clinical_significance,478,T=1.000,C=0.000
"G6PD IOWA, G6PD IOWA CITY, G6PD SPRINGFIELD, G6PD WALTER REED, not provided, ",https://www.ncbi.nlm.nih.gov/snp/rs137852320#clinical_significance,11156,T=1.00000,C=0.00000
"Glycogen storage disease IXa2, Glycogen storage disease IXa1, ",https://www.ncbi.nlm.nih.gov/snp/rs137852295#clinical_significance,None,None,None
X-linked agammaglobulinemia,https://www.ncbi.nlm.nih.gov/snp/rs128620184#clinical_significance,478,T=1.000,C=0.000
"Hereditary factor XI deficiency disease, not provided, Factor XI, Plasma factor XI deficiency, ",https://www.ncbi.nlm.nih.gov/snp/rs121965064#clinical_significance,210992,T=0.998592,C=0.001408
Infantile nephronophthisis,https://www.ncbi.nlm.nih.gov/snp/rs121964995#clinical_significance,660,T=1.000,C=0.000
"Homocystinuria, pyridoxine-responsive",https://www.ncbi.nlm.nih.gov/snp/rs121964967#clinical_significance,None,None,None
Normophosphatemic familial tumoral calcinosis,https://www.ncbi.nlm.nih.gov/snp/rs121918554#clinical_significance,478,T=1.000,C=0.000
"Thrombophilia due to protein S deficiency, autosomal dominant, Thrombophilia due to protein S deficiency, autosomal recessive, ",https://www.ncbi.nlm.nih.gov/snp/rs121918474#clinical_significance,14528,T=1.00000,C=0.00000
"Hyperekplexia 1, not provided, ",https://www.ncbi.nlm.nih.gov/snp/rs121918412#clinical_significance,478,T=0.998,C=0.002
"Harderoporphyria, not provided, ",https://www.ncbi.nlm.nih.gov/snp/rs121917868#clinical_significance,201538,T=0.999965,C=0.000035
Cataract 21 multiple types,https://www.ncbi.nlm.nih.gov/snp/rs121917736#clinical_significance,None,None,None
"Charcot-Marie-Tooth disease type 1B, Charcot-Marie-Tooth disease, Charcot-Marie-Tooth disease, type I, ",https://www.ncbi.nlm.nih.gov/snp/rs121913583#clinical_significance,478,T=1.000,C=0.000
BODY MASS INDEX QUANTITATIVE TRAIT LOCUS 20,https://www.ncbi.nlm.nih.gov/snp/rs121913565#clinical_significance,478,T=1.000,C=0.000
Leprechaunism syndrome,https://www.ncbi.nlm.nih.gov/snp/rs121913160#clinical_significance,478,T=1.000,C=0.000
"SQUAMOUS CELL CARCINOMA, BURN SCAR-RELATED, SOMATIC",https://www.ncbi.nlm.nih.gov/snp/rs121913084#clinical_significance,None,None,None
Sucrase-isomaltase deficiency,https://www.ncbi.nlm.nih.gov/snp/rs121912612#clinical_significance,478,T=1.000,C=0.000
"Long QT syndrome 2, Congenital long QT syndrome, ",https://www.ncbi.nlm.nih.gov/snp/rs121912505#clinical_significance,478,T=1.000,C=0.000
"Hereditary thrombocytopenia and hematological cancer predisposition syndrome associated with RUNX1, not provided, ",https://www.ncbi.nlm.nih.gov/snp/rs121912498#clinical_significance,None,None,None
"Congenital muscular dystrophy due to LMNA mutation, not provided, ",https://www.ncbi.nlm.nih.gov/snp/rs121912495#clinical_significance,476,T=1.000,C=0.000
"Amyotrophic lateral sclerosis type 1, not provided, Abnormal central motor function, ",https://www.ncbi.nlm.nih.gov/snp/rs121912446#clinical_significance,23462,T=1.00000,C=0.00000
Laron-type isolated somatotropin defect,https://www.ncbi.nlm.nih.gov/snp/rs121909357#clinical_significance,660,T=1.000,C=0.000
"Klippel-Feil syndrome 1, autosomal dominant, Klippel-Feil syndrome, Autosomal dominant Parkinson disease 8,Klippel-Feil syndrome 1, autosomal dominant, Isolated microphthalmia 4,Klippel-Feil syndrome 1, autosomal dominant,Leber congenital amaurosis 17,Microphthalmia, isolated, with coloboma 6, ",https://www.ncbi.nlm.nih.gov/snp/rs121909353#clinical_significance,168564,T=0.999804,C=0.000196
"Corneal dystrophy, lattice type 3A",https://www.ncbi.nlm.nih.gov/snp/rs121909214#clinical_significance,660,T=1.000,C=0.000
"Chronic infantile neurological, cutaneous and articular syndrome, Familial cold autoinflammatory syndrome 1, ",https://www.ncbi.nlm.nih.gov/snp/rs121908154#clinical_significance,660,T=1.000,C=0.000
"Chronic infantile neurological, cutaneous and articular syndrome, Familial cold autoinflammatory syndrome 1, ",https://www.ncbi.nlm.nih.gov/snp/rs121908152#clinical_significance,660,T=1.000,C=0.000
"Autosomal recessive nonsyndromic hearing loss 7, Hearing loss, autosomal recessive, ",https://www.ncbi.nlm.nih.gov/snp/rs121908076#clinical_significance,None,None,None
Fish-eye disease,https://www.ncbi.nlm.nih.gov/snp/rs121908057#clinical_significance,11152,T=1.00000,C=0.00000
Lissencephaly due to LIS1 mutation,https://www.ncbi.nlm.nih.gov/snp/rs121434486#clinical_significance,660,T=1.000,C=0.000
"Hypomagnesemia, hypertension, and hypercholesterolemia, mitochondrial",https://www.ncbi.nlm.nih.gov/snp/rs121434471#clinical_significance,None,None,None
"Encephalopathy, familial progressive necrotizing, Juvenile myopathy, encephalopathy, lactic acidosis AND stroke, ",https://www.ncbi.nlm.nih.gov/snp/rs121434469#clinical_significance,None,None,None
"Autosomal dominant nonsyndromic hearing loss 2A, not provided, ",https://www.ncbi.nlm.nih.gov/snp/rs80358278#clinical_significance,Study-wide,78542,T=0.99999
"Autosomal recessive limb-girdle muscular dystrophy type 2M, Muscular dystrophy-dystroglycanopathy (congenital with brain and eye anomalies), type A1, ",https://www.ncbi.nlm.nih.gov/snp/rs119463996#clinical_significance,660,T=1.000,C=0.000
"MERRF syndrome, MERRF/MELAS overlap syndrome, Juvenile myopathy, encephalopathy, lactic acidosis AND stroke, ",https://www.ncbi.nlm.nih.gov/snp/rs118192099#clinical_significance,None,None,None
"Band 3 memphis, not specified, Hemolytic anemia, Autosomal dominant distal renal tubular acidosis, Hereditary spherocytosis type 4, not provided, ",https://www.ncbi.nlm.nih.gov/snp/rs5036#clinical_significance,326342,T=0.969339,C=0.030661
"Aicardi-Goutieres syndrome 7,Singleton-Merten syndrome 1, Immunodeficiency 95, ",https://www.ncbi.nlm.nih.gov/snp/rs117608083#clinical_significance,194312,T=0.999609,C=0.000391
"Spinocerebellar ataxia, autosomal recessive, with axonal neuropathy 2, not provided, Amyotrophic lateral sclerosis type 4,Spinocerebellar ataxia, autosomal recessive, with axonal neuropathy 2, Hereditary spastic paraplegia, ",https://www.ncbi.nlm.nih.gov/snp/rs116205032#clinical_significance,226794,T=0.999167,C=0.000833
not provided,https://www.ncbi.nlm.nih.gov/snp/rs113994044#clinical_significance,478,T=1.000,C=0.000
"Sandhoff disease, infantile form, Sandhoff disease, ",https://www.ncbi.nlm.nih.gov/snp/rs820878#clinical_significance,184344,T=0.038309,C=0.961691
Deficiency of UDPglucose-hexose-1-phosphate uridylyltransferase,https://www.ncbi.nlm.nih.gov/snp/rs111033726#clinical_significance,660,T=1.000,C=0.000
"Deficiency of UDPglucose-hexose-1-phosphate uridylyltransferase, not provided, Galactosemia, ",https://www.ncbi.nlm.nih.gov/snp/rs111033715#clinical_significance,14710,T=0.99993,C=0.00007
"Mucopolysaccharidosis, MPS-II",https://www.ncbi.nlm.nih.gov/snp/rs104894861#clinical_significance,478,T=1.000,C=0.000
"Amyloidogenic transthyretin amyloidosis, AMYLOIDOSIS, LEPTOMENINGEAL, TRANSTHYRETIN-RELATED, ",https://www.ncbi.nlm.nih.gov/snp/rs104894665#clinical_significance,660,T=1.000,C=0.000
Pyridoxal phosphate-responsive seizures,https://www.ncbi.nlm.nih.gov/snp/rs104894631#clinical_significance,658,T=1.000,C=0.000
MPDU1-CDG,https://www.ncbi.nlm.nih.gov/snp/rs104894589#clinical_significance,660,T=1.000,C=0.000
"Hypogonadotropic hypogonadism 7 with or without anosmia, not provided, Isolated congenital hypogonadotropic hypogonadism, Gonadotropin deficiency, Infertility, ",https://www.ncbi.nlm.nih.gov/snp/rs104893836#clinical_significance,220078,T=0.996201,C=0.003799
"Familial hypocalciuric hypercalcemia 1, Autosomal dominant hypocalcemia 1,Familial hypocalciuric hypercalcemia, ",https://www.ncbi.nlm.nih.gov/snp/rs104893704#clinical_significance,None,None,None
Autosomal dominant hypocalcemia 1,https://www.ncbi.nlm.nih.gov/snp/rs104893698#clinical_significance,660,T=1.000,C=0.000
"Autosomal dominant nonsyndromic hearing loss 2A, not provided, ",https://www.ncbi.nlm.nih.gov/snp/rs80358278#clinical_significance,Study-wide,78542,T=0.99999
Metabolic myopathy due to lactate transporter defect,https://www.ncbi.nlm.nih.gov/snp/rs80358222#clinical_significance,37286,T=0.99992,C=0.00008
"Batten-Turner congenital myopathy, Congenital myotonia, autosomal dominant form,Congenital myotonia, autosomal recessive form, not provided, Congenital myotonia, autosomal dominant form, ",https://www.ncbi.nlm.nih.gov/snp/rs80356701#clinical_significance,201564,T=0.999921,C=0.000079
Hereditary spastic paraplegia 8,https://www.ncbi.nlm.nih.gov/snp/rs80338865#clinical_significance,478,T=1.000,C=0.000
"Glaucoma 1, open angle, A, Glaucoma of childhood, ",https://www.ncbi.nlm.nih.gov/snp/rs74315336#clinical_significance,478,T=1.000,C=0.000
not provided,https://www.ncbi.nlm.nih.gov/snp/rs72558471#clinical_significance,None,None,None
not provided,https://www.ncbi.nlm.nih.gov/snp/rs72558445#clinical_significance,None,None,None
not provided,https://www.ncbi.nlm.nih.gov/snp/rs72558441#clinical_significance,None,None,None
not provided,https://www.ncbi.nlm.nih.gov/snp/rs72556282#clinical_significance,None,None,None
not provided,https://www.ncbi.nlm.nih.gov/snp/rs72556259#clinical_significance,None,None,None
not provided,https://www.ncbi.nlm.nih.gov/snp/rs72556252#clinical_significance,10680,T=1.00000,C=0.00000
not provided,https://www.ncbi.nlm.nih.gov/snp/rs72554346#clinical_significance,None,None,None
not provided,https://www.ncbi.nlm.nih.gov/snp/rs72554328#clinical_significance,None,None,None
not provided,https://www.ncbi.nlm.nih.gov/snp/rs72554315#clinical_significance,None,None,None
"Alzheimer disease 3, not provided, ",https://www.ncbi.nlm.nih.gov/snp/rs63751163#clinical_significance,23280,T=1.00000,C=0.00000
"Beta-plus-thalassemia, beta Thalassemia, not provided, Hemoglobinopathy, ",https://www.ncbi.nlm.nih.gov/snp/rs63751128#clinical_significance,14710,T=1.00000,C=0.00000
"Rett syndrome, not provided, ",https://www.ncbi.nlm.nih.gov/snp/rs61748391#clinical_significance,None,None,None
"not provided, Retinal dystrophy, Age related macular degeneration 2, Severe early-childhood-onset retinal dystrophy, ",https://www.ncbi.nlm.nih.gov/snp/rs61753029#clinical_significance,110330,T=0.999973,C=0.000027
"Rett syndrome, not provided, ",https://www.ncbi.nlm.nih.gov/snp/rs61748391#clinical_significance,None,None,None
"Pendred syndrome, Autosomal recessive nonsyndromic hearing loss 4, not specified, SLC26A4-Related Disorders, not provided, Hearing impairment, ",https://www.ncbi.nlm.nih.gov/snp/rs60284988#clinical_significance,19548,T=0.99790,C=0.00210
"not provided, Pachyonychia congenita 1, ",https://www.ncbi.nlm.nih.gov/snp/rs58608173#clinical_significance,None,None,None
"not provided, Alexander disease, ",https://www.ncbi.nlm.nih.gov/snp/rs58536923#clinical_significance,None,None,None
"Sandhoff disease, infantile form, Sandhoff disease, ",https://www.ncbi.nlm.nih.gov/snp/rs820878#clinical_significance,184344,T=0.038309,C=0.961691
"Beta-plus-thalassemia, beta Thalassemia, ",https://www.ncbi.nlm.nih.gov/snp/rs33985472#clinical_significance,660,T=1.000,C=0.000
Hypogonadotropic hypogonadism 8 without anosmia,https://www.ncbi.nlm.nih.gov/snp/rs28939719#clinical_significance,None,None,None
"Mucopolysaccharidosis, MPS-II",https://www.ncbi.nlm.nih.gov/snp/rs104894861#clinical_significance,478,T=1.000,C=0.000
"Sandhoff disease, infantile form, Sandhoff disease, ",https://www.ncbi.nlm.nih.gov/snp/rs820878#clinical_significance,184344,T=0.038309,C=0.961691
"Band 3 memphis, not specified, Hemolytic anemia, Autosomal dominant distal renal tubular acidosis, Hereditary spherocytosis type 4, not provided, ",https://www.ncbi.nlm.nih.gov/snp/rs5036#clinical_significance,326342,T=0.969339,C=0.030661
"Band 3 memphis, not specified, Hemolytic anemia, Autosomal dominant distal renal tubular acidosis, Hereditary spherocytosis type 4, not provided, ",https://www.ncbi.nlm.nih.gov/snp/rs5036#clinical_significance,326342,T=0.969339,C=0.030661
"Sandhoff disease, infantile form, Sandhoff disease, ",https://www.ncbi.nlm.nih.gov/snp/rs820878#clinical_significance,184344,T=0.038309,C=0.961691
"Band 3 memphis, not specified, Hemolytic anemia, Autosomal dominant distal renal tubular acidosis, Hereditary spherocytosis type 4, not provided, ",https://www.ncbi.nlm.nih.gov/snp/rs5036#clinical_significance,326342,T=0.969339,C=0.030661
